guard_label,workers,rounds,tau_error_ms,p95_tau_error_ms,prefix_error_rows,false_enable_rate,false_disable_rate,enable_rate
Guard-D,8,64,2.5344099947669365,5.5335214089453375,0.1875,0.078125,0.015625,0.359375
Guard-D,16,64,3.137491256275486,3.981147574810347,1.03125,0.25,0.03125,0.25
Guard-D,24,64,3.6632043455797647,4.619181586545883,2.140625,0.21875,0.0,0.21875
Guard-R,8,64,2.5045381511722784,5.448130977419579,0.140625,0.09375,0.03125,0.359375
Guard-R,16,64,3.173306881276356,4.1337071072307925,1.0,0.265625,0.0,0.28125
Guard-R,24,64,3.665418704952954,4.487005724960992,2.15625,0.1875,0.0,0.1875
Guard-D,all,192,3.111701865540729,4.53391012762053,1.1197916666666667,0.18229166666666666,0.015625,0.2760416666666667
Guard-R,all,192,3.11442124580053,4.404179506231622,1.0989583333333333,0.18229166666666666,0.010416666666666666,0.2760416666666667
