policy,dispatch_ms,cancel_ms,response_kb,worker_errors
Deadline,0.5653790625051166,4.162948078122916,32.227000000000004,0.0
Guard-D,0.5808343437519125,3.6777814270755966,32.525999999999996,0.0
Rank,0.5555744687602167,4.343987911450804,33.007000000000005,0.0
Static,0.5572694322992209,3.6540062708282965,33.084999999999994,0.0
